customer_id,refund_amount
C00407,13509.57
C00492,10062.65
C00350,9667.4
C00462,8105.88
C00121,7351.36
C00469,6640.549999999999
C00015,6379.47
C00204,6199.349999999999
C00157,5823.08
C00298,5199.03
